id,username,password,role,name,created_at
1,teacher_01,$2b$12$MZCXy0oVhflUNoxtc/6mHe/QjUCrWAhUKh1.Ixxk5CfW4fLC8i5ry,ROLE_TEACHER,Dr. Rajesh Kumar,2025-09-08 21:53:12
2,teacher_02,$2b$12$xbhzsql3T6.1armdP1h69ejtOhHUHpAkaTWFPmMdKQvQsQfzl9U.e,ROLE_TEACHER,Dr. Prakash Raj,2025-09-08 21:53:12
3,teacher_03,$2b$12$tvB8j7KKeL2XX4IgOotjGO4oXxHuL03J.zSiOamrvH9zIWgRlPeFu,ROLE_TEACHER,Dr. Ravi Kumar,2025-09-08 21:53:12
4,teacher_04,$2b$12$eHkOZvpuBfUJDf.kzwOrMOzTUZeRjRcRw0SFTDc27gCplLWKaa7hG,ROLE_TEACHER,Dr. Ravi Shankar,2025-09-08 21:53:13
5,teacher_05,$2b$12$j9285WtOdIXP4KMx3t.1beJBpwMOTGlPFxI.VhhjJrGHaKvYX7ppi,ROLE_TEACHER,Prof. Anitha Pillai,2025-09-08 21:53:13
6,teacher_06,$2b$12$KrFBTRcuHACX3TeKUjKZwuhuSgPjPH5jRjf4wUzpyw3I0.bW9GIOm,ROLE_TEACHER,Prof. Lakshmi Iyer,2025-09-08 21:53:13
7,teacher_07,$2b$12$T1.Lw3pojvygtIf9zfPX.O0FmOXfLNc4z0pudTbJYYjUqTspDaSNi,ROLE_TEACHER,Prof. Leela Suresh,2025-09-08 21:53:14
8,teacher_08,$2b$12$5NQfQ6IzWEf.ivqrYhEpguc2yWHoQDDFj1TKYGioF.UaExSSCME3G,ROLE_TEACHER,Dr. Mohan Das,2025-09-08 21:53:14
9,teacher_09,$2b$12$BBYKKohPKc7/QGvZLSdO8.dauvr1GoaDY5D537n8mCU5xgwD8ByuK,ROLE_TEACHER,Prof. Indira Das,2025-09-08 21:53:14
10,teacher_10,$2b$12$AHYnkZI2mmI5mioEOcyg..EINZBbxLZL5sPlTw9Vrfef1J0niDgFe,ROLE_TEACHER,Dr. Senthil Kumar,2025-09-08 21:53:15
11,teacher_11,$2b$12$fQ8IS2.4JIzSaWSuEOQn7OUgT9MpBNaC/vezVPXvz8087opvqgwtu,ROLE_TEACHER,Prof. Lakshmi Iyer,2025-09-08 21:53:15
12,teacher_12,$2b$12$fpxjFC6ygb/jC6.Isoz4Q.7z.AblNJhOLjVJ4FjusUGY3GlbbbNRa,ROLE_TEACHER,Dr. Ramesh Pillai,2025-09-08 21:53:15
13,teacher_13,$2b$12$lUZpCaipVT/HNWCoJtZSOe1f93ez5db0bG3ElIIxHLZHF5PTPICoe,ROLE_TEACHER,Prof. Geetha Pillai,2025-09-08 21:53:16
14,teacher_14,$2b$12$RXfepraG9lNrfyshwwxycO0tvOio.DUmVGOh6N/GvzLaEpo.j6MIW,ROLE_TEACHER,Dr. Prakash Raj,2025-09-08 21:53:16
15,teacher_15,$2b$12$ODzCmrno5i7AVVXhbTJJquySzEiA5tI8A3OmS.ZoMIM9Qdr2diXdK,ROLE_TEACHER,Prof. Priya Menon,2025-09-08 21:53:16
16,teacher_16,$2b$12$pEoaU/fM8H2NuwPjzHcKFuWbfhvFMLEqSsTxuZTLlE/HVSNGpYERO,ROLE_TEACHER,Prof. Shobha Iyer,2025-09-08 21:53:17
17,teacher_17,$2b$12$Q4OG.E6iKDIpQNpkK2Hlh.03tyhlDddbZK6VswPBUSO5grw8IGCwm,ROLE_TEACHER,Dr. Rajesh Kumar,2025-09-08 21:53:17
18,teacher_18,$2b$12$L0W6AsWBUFjG.s4r0SGlK.agcVKnHF9mwDqIo37yA3Cc/HmNTW4jy,ROLE_TEACHER,Prof. Rekha Menon,2025-09-08 21:53:17
19,teacher_19,$2b$12$85B6Vbi4Q8v4q.yQy5EL9eametY87xBWWOnsXVsZzAqS5spNAHr5.,ROLE_TEACHER,Dr. Ravi Kumar,2025-09-08 21:53:18
20,teacher_20,$2b$12$J3uoebhvpPf8AxJNjIN/LOFYnGA3hJqWgTZXttHYhVfegL69fpN6m,ROLE_TEACHER,Dr. Sathish Kumar,2025-09-08 21:53:18
21,teacher_21,$2b$12$nBeAAedqvVnvR2HzqEWGQeYH/7GlMHsReQ2TRv4.KCL5q5qGPkPry,ROLE_TEACHER,Prof. Lakshmi Iyer,2025-09-08 21:53:18
22,teacher_22,$2b$12$phQyrN1X6ibWj8X0T/4B8eAeQ4Pr8xwH.onz/F0lDN.KbAdOTDsq2,ROLE_TEACHER,Prof. Uma Krishnan,2025-09-08 21:53:19
23,teacher_23,$2b$12$WijzwZnjN03/L3FLXLj8L.pdyowET0FUayIqsT..prW5Qryw1Yrzu,ROLE_TEACHER,Dr. Kumar Raj,2025-09-08 21:53:19
24,teacher_24,$2b$12$XPkhmK5MAErTh./06dS5gutqT/G/mYfwqDbCCkVaXajXTnCUPVgiC,ROLE_TEACHER,Dr. Venkatesh Iyer,2025-09-08 21:53:19
25,teacher_25,$2b$12$THe85um1nTpJr6KgVHM/iO7206UExCErRKjqdS07Tbi/v1E5kmpmO,ROLE_TEACHER,Dr. Suresh Nair,2025-09-08 21:53:20
26,teacher_26,$2b$12$DrAkh/ioTDzpUDbKnLdPwuHdXDaIoZuZasURpHHmu/3fkHfSLJXYy,ROLE_TEACHER,Prof. Priya Menon,2025-09-08 21:53:20
27,teacher_27,$2b$12$s16PdvYWyrZJVRhjZX2kD.E0WxrzVfjhmZ0Z9YK5cg/I4WNv4QCy6,ROLE_TEACHER,Prof. Anjali Das,2025-09-08 21:53:20
28,teacher_28,$2b$12$YymS5R/OtCS2gM5JX9Ps7eUbzAKdtSWxfLjXlVpreNdWMBza1TrnG,ROLE_TEACHER,Dr. Manoj Nair,2025-09-08 21:53:21
29,teacher_29,$2b$12$i8IKEJ3LQSzWhbGZ4.ofROpORzniWjC26hbLPPB2Q9u7meiJnWHPa,ROLE_TEACHER,Dr. Ravi Kumar,2025-09-08 21:53:21
30,teacher_30,$2b$12$YaUf.TgA3G2YdPESQ01DuuzQPbS1krHs7J/0Opvewk4zPD2Mvogf2,ROLE_TEACHER,Prof. Deepa Krishnan,2025-09-08 21:53:21
